illest joeyy, illest joeyy
Juice, synced
intangible, Intangible
Steesy, Steesy
Ruthless, ItzRuthless
Luckzier, Luckzier
Matickz, Matickz
Juice, synced
Lou, y0Lou
DPChew, DPChew
Strucck, strucck
Flight, FlightFN
TrapKilled, trap got 133rd f
frost, ignfrostee
smqcked, smqcked
Driz, Driz
Elitecdog, Elitecdog
LDamienS, LDamienS
DPChew, DPChew
beecher, beech
Alejo, Timbers Alejo
Mojo, Mojo
izzyboicha, izzyboicha
Coolkidluis, Coolkidluis
Orange, Orange
Juice, synced
Vyrus, vyrusfn
Ezzei, Ezzei
Raylapse, Raylapse
Shawn, shawnFN
relays13, relays13
wCarey, williamlabaleine
Kariyu, EvadeKariyu
donks, donks
rileghy, rileghy
Tcrom, Tcrom
reckz, reckz
dispatient, Dispatient
EyeMijo, EyeMijo
exile, exilefn
Mxnsters, Mxnsters
Bxdies., Bxdiеs
CEYA, CEYA
Gose, gose
lovemax, MaxLmao
Claw, VNSHClaw
iNFMiX, iNFMiX
dispatient, dispatient
VNSH Yuj, vnshyuj
Fxsiions, Fxsiions
FrostedSpy4, TTV.FrostedSpy4
Onion, OnionnFN
Nacoo, 1080
Zay, Zay
jusripp, jusripp
tears, ItzTears
iNFMiX, iNFMiX
VNSH Yuj, Assaultyuj      


Need synced
Yerr, xYERRx
Mangz, Mangz
JMaC, JMaC
kevfps, cpxkevin
hixs, hіx
Dag, ImDag
Sebby, Sebby
Lucas says hi, NotLucas
hunt♡, huntfn
Nihhk, Nihhk
Speedz, iSpeedz
codgenesis., add Bruhzzy to mayhem
HighSky, HighSky
Coolkidluis, Coolkidluis
adxm. on battlebus, Adxm
dyslecix, dyslecix
Whitey, Whitehat
VNSH Yuj, Assaultyuj
Punz, Punz
Seem, Seem
Yerr, my mayhem username is xYERRx
happy, Happy2k
Conjurings, Conjurings1x
Fxsiions, Fxsiions
K҉eanu, keanu
Animal, sen-animal
bruhzzy, Bruhzzy
Defy, Defy
Mangz, Mangz
GloNavyTy, tyy
kevfps, cpxkevin
exile, amosc exilefntv
jojopyun, jojopyun
ronaldo, ronaldo
RiftMull, RiftMull
xCryptify, xCryptify
InshaneTM, RIZE Inshane
Nihhk, Nihhk
MysticFPS, mysticfps
Clean, Cleann
YourEaZy爱你, YourEaZy爱你
n3moxd, n3moxd